name,latitude,longitude,type
ACB,1.3010632720874935,103.85411804993092,HDB Carpark
ACM,1.3210042901059578,103.88506094761526,HDB Carpark
AM14,1.368741094555009,103.84030110265232,HDB Carpark
AM16,1.370349801213609,103.83571828515709,HDB Carpark
AM18,1.36554001278626,103.84461939021944,HDB Carpark
AM19,1.3688861979339515,103.83453102382236,HDB Carpark
AM20,1.3646977329371155,103.84608858611789,HDB Carpark
AM22,1.3645882914751233,103.84765302635256,HDB Carpark
AM32,1.3705325244610684,103.8343768155435,HDB Carpark
AM43,1.3686107186719911,103.85730354666772,HDB Carpark
AM46,1.3721783233233982,103.85339638441636,HDB Carpark
AM51,1.3699150017188502,103.84669851649709,HDB Carpark
AM64,1.371457020294688,103.85309824605748,HDB Carpark
AM79,1.3723282292064205,103.85132794564863,HDB Carpark
AM80,1.370646990171555,103.84186149048293,HDB Carpark
AM81,1.3716392420558627,103.84194781252432,HDB Carpark
AM96,1.3640741492788184,103.85094037122892,HDB Carpark
AR1M,1.302848684020821,103.7836667743235,HDB Carpark
AR2M,1.3047388928304116,103.78167448932494,HDB Carpark
AR5M,1.3073435265931932,103.78446333008444,HDB Carpark
AR7M,1.3047713772680514,103.78519200383909,HDB Carpark
A23,1.3673354664536108,103.84891334011712,HDB Carpark
A53,1.3708650227001122,103.84687730858263,HDB Carpark
A76,1.3779771118916977,103.83883480497552,HDB Carpark
A94,1.371859826883313,103.83831596140142,HDB Carpark
A95,1.367518628007775,103.84780380928078,HDB Carpark
BA1,1.3336954080006598,103.8708269708272,HDB Carpark
BA10,1.3430292439125433,103.8728672595264,HDB Carpark
BA2,1.3369045733012814,103.87325519193998,HDB Carpark
BA3,1.3362715925420516,103.87132184474318,HDB Carpark
BA4,1.3352592556272456,103.87294849581734,HDB Carpark
BA5,1.3343396542004164,103.8726349098332,HDB Carpark
BA6,1.3402534868866105,103.87218551400788,HDB Carpark
BA7,1.3418207211438409,103.87213669031202,HDB Carpark
BA8,1.341761741787751,103.87147202648816,HDB Carpark
BA9,1.343128345058616,103.87591618487708,HDB Carpark
BBB,1.2965800277256123,103.85366320640064,HDB Carpark
BBM1,1.3464366536863823,103.74538227425052,HDB Carpark
BBM2,1.3508670707092765,103.74988224837884,HDB Carpark
BBM3,1.3445062832256491,103.75991777083962,HDB Carpark
BBM4,1.3455506982843084,103.7601789637918,HDB Carpark
BBM5,1.343242885077027,103.7579336115242,HDB Carpark
BBM6,1.3428596521147576,103.75505234518016,HDB Carpark
BBM7,1.3473553282589248,103.74369552196028,HDB Carpark
BBM8,1.3499692848447975,103.74851052070392,HDB Carpark
BBM9,1.3658306352822904,103.75177182867174,HDB Carpark
BE13,1.3448855409177085,103.85152763920904,HDB Carpark
BE14,1.3470591230008568,103.85543169019654,HDB Carpark
BE15,1.3451627584912207,103.85483824803856,HDB Carpark
BE20,1.3488915035247568,103.84866481348334,HDB Carpark
BE23,1.3500959071206378,103.8497629135692,HDB Carpark
BE25,1.3551543675245743,103.8483089249273,HDB Carpark
BE27,1.3566562135466171,103.84863114624726,HDB Carpark
BE3R,1.3631857448141893,103.8354758112253,HDB Carpark
BE30,1.3574639721486654,103.84644532993391,HDB Carpark
BE32,1.3591710155830472,103.84667247515102,HDB Carpark
BE34,1.3609610362378006,103.84362160812952,HDB Carpark
BE37,1.3580079412271229,103.84442083770412,HDB Carpark
BE39,1.359196401814306,103.84197133762822,HDB Carpark
BE40,1.3573111776423046,103.84264015136309,HDB Carpark
BE42,1.3555617806228988,103.84454814694634,HDB Carpark
BE44,1.3578308220309523,103.83163014387952,HDB Carpark
BE45,1.3563083436627197,103.8436737995863,HDB Carpark
BJ15,1.377494481750497,103.77378188713315,HDB Carpark
BJ16,1.377506516571878,103.7736203108756,HDB Carpark
BJ17,1.381250232562735,103.76894572813386,HDB Carpark
BJ25,1.384899130104685,103.77172518427945,HDB Carpark
BJ26,1.383796880919978,103.7727051699552,HDB Carpark
BJ27,1.3826405383885616,103.77095043939036,HDB Carpark
BJ28,1.378924834192692,103.76554600407276,HDB Carpark
BJ29,1.3849380921344514,103.76768309161008,HDB Carpark
BJ30,1.3870292824106256,103.7689793290772,HDB Carpark
BJ31,1.3879388940244677,103.76747797804047,HDB Carpark
BJ32,1.3865639857228236,103.76693564904,HDB Carpark
BJ33,1.379119502165124,103.7720111271445,HDB Carpark
BJ34,1.3877960606883626,103.76651781167364,HDB Carpark
BJ35,1.387041489540753,103.76591367064592,HDB Carpark
BJ36,1.386270399087044,103.76533871621312,HDB Carpark
BJ37,1.3854321020503484,103.7646848754351,HDB Carpark
BJ38,1.38513669086984,103.76342664649454,HDB Carpark
BJ39,1.3842317977235143,103.76286006929962,HDB Carpark
BJ40,1.3828257877526795,103.76290164919328,HDB Carpark
BJ41,1.3755120500520863,103.7654544839076,HDB Carpark
BJ42,1.3769212779575657,103.76428644466158,HDB Carpark
BJ43,1.381720445982174,103.76167761264912,HDB Carpark
BJ44,1.380648941115928,103.76498679347908,HDB Carpark
BJ45,1.3786879613964391,103.76500878091232,HDB Carpark
BJ48,1.3871857898272917,103.76460302573584,HDB Carpark
BJ49,1.3848974600068813,103.7614867534032,HDB Carpark
BJ5,1.3749915531813586,103.7730772236168,HDB Carpark
BJ50,1.3881839976986057,103.77368892264865,HDB Carpark
BJ51,1.3793984087079127,103.76346427312762,HDB Carpark
BJ52,1.3791133613234332,103.76263790594535,HDB Carpark
BJ53,1.389802807641881,103.77193206988464,HDB Carpark
BJ54,1.3890478094024703,103.77350010545928,HDB Carpark
BJ55,1.386282944741437,103.76077695178896,HDB Carpark
BJ56,1.3858912160470105,103.75894983505444,HDB Carpark
BJ58,1.3875244297684304,103.77127261757724,HDB Carpark
BJ59,1.3898650835437794,103.77126415842334,HDB Carpark
BJ6,1.374171406400995,103.77440629700968,HDB Carpark
BJ60,1.3883210041492449,103.76951901080204,HDB Carpark
BJ61,1.3889973185441586,103.76783128358846,HDB Carpark
BJ63,1.3813155105578687,103.77029114340564,HDB Carpark
BJ65,1.3847041571560248,103.75876137706072,HDB Carpark
BJ66,1.3862485761850685,103.75770261335552,HDB Carpark
BJ67,1.3873499559694595,103.75798290360144,HDB Carpark
BJ68,1.3853817252275455,103.76997021493034,HDB Carpark
BJ69,1.3878519593286969,103.76307279280772,HDB Carpark
BJ70,1.3895479102849884,103.76377023174275,HDB Carpark
BJ71,1.387001705289468,103.761917032459,HDB Carpark
BJ72,1.3888778457850903,103.7608720427892,HDB Carpark
BKE7,1.3126129574907242,103.85532195310934,HDB Carpark
BKRM,1.3172763032697552,103.86136809519948,HDB Carpark
BLM,1.3155064401637506,103.86095873270126,HDB Carpark
BL15,1.3459715197541573,103.70756220303554,HDB Carpark
BL17,1.347871241447769,103.7077406953546,HDB Carpark
BL18,1.346549555712571,103.71442382780704,HDB Carpark
BL19,1.3487772809984708,103.71334566358128,HDB Carpark
BL20,1.3480982543721105,103.7081752768416,HDB Carpark
BL21,1.3492568430818868,103.70937375465324,HDB Carpark
BL22,1.342543505971889,103.71374987824392,HDB Carpark
BL23,1.349560588526668,103.71157981204752,HDB Carpark
BMVM,1.2846262894692293,103.82312918959776,HDB Carpark
BM29,1.283634706092511,103.8170992125997,HDB Carpark
BM31,1.2824491300655363,103.81657502600716,HDB Carpark
BM33,1.282747872709333,103.81865105241602,HDB Carpark
BM4,1.2876672842487311,103.80895514474004,HDB Carpark
BRB1,1.3060667492353475,103.85058597863151,HDB Carpark
BRM,1.3207472024589295,103.86617287009032,HDB Carpark
BRM1,1.326485487704271,103.85672896311394,HDB Carpark
BRM2,1.3259740602921015,103.85768389140578,HDB Carpark
BRM3,1.3215277953752569,103.85465630079332,HDB Carpark
BRM4,1.3227303244298867,103.85607403368216,HDB Carpark
BRM5,1.327543827770624,103.85948585590164,HDB Carpark
BRM6,1.3277831137966805,103.86119338936636,HDB Carpark
BRM7,1.324373897372242,103.85540203296432,HDB Carpark
BTM,1.2867839238665026,103.8332897478358,HDB Carpark
BTM2,1.2869630821940397,103.82964101237162,HDB Carpark
BTM3,1.2863112198549262,103.82869825504956,HDB Carpark
BVM2,1.2834928028879091,103.8233756624967,HDB Carpark
BWM,1.2869280256342526,103.80670138529204,HDB Carpark
B10M,1.329210147888524,103.93252399987328,HDB Carpark
B23M,1.330687757883615,103.9406433705684,HDB Carpark
B48B,1.329966938215947,103.92575881889982,HDB Carpark
B6M,1.3251732958769231,103.93088674617248,HDB Carpark
B65M,1.317889438390838,103.9463324279342,HDB Carpark
B66,1.3305481548727396,103.90433956320608,HDB Carpark
B67,1.3320157720861447,103.906394759454,HDB Carpark
B68,1.322504859687397,103.93692202997929,HDB Carpark
B69,1.333426183637553,103.9419707361937,HDB Carpark
B71,1.324293889107789,103.9243003689824,HDB Carpark
B72,1.3343770595975362,103.90738977380713,HDB Carpark
B73,1.3324922678522626,103.90696724615174,HDB Carpark
B74,1.3328468531231126,103.90905526271878,HDB Carpark
B75,1.33307054846192,103.91760166991952,HDB Carpark
B76,1.335899564300343,103.9344189574038,HDB Carpark
B77,1.3356910123179633,103.93633367546336,HDB Carpark
B78,1.335608884799405,103.93838375965704,HDB Carpark
B79,1.3367761554500217,103.93740660996896,HDB Carpark
B8B,1.3247921201815362,103.92794673996804,HDB Carpark
B80,1.3382683050605575,103.92336060080387,HDB Carpark
B81,1.323211123984768,103.93494255225347,HDB Carpark
B83,1.3264690135495143,103.92227129473213,HDB Carpark
B84,1.32622610951431,103.93420475731573,HDB Carpark
B85,1.3260802458197951,103.9413578420037,HDB Carpark
B86,1.330720263227736,103.9355693327068,HDB Carpark
B87,1.320540673779083,103.93619734820165,HDB Carpark
B88,1.3222730385459662,103.93829861018828,HDB Carpark
B89,1.3309591788891943,103.93726546144438,HDB Carpark
B90,1.3225376305100724,103.93963512682517,HDB Carpark
B91,1.3327973239279602,103.91425233336784,HDB Carpark
B92,1.321697394184489,103.93393509513588,HDB Carpark
B93,1.3204217908689733,103.93417561555714,HDB Carpark
B94,1.332260165815315,103.92935743869764,HDB Carpark
B95,1.3255129802698542,103.9350827294628,HDB Carpark
B96,1.3249662903465635,103.9329516083238,HDB Carpark
B97,1.3361557898964018,103.92350807855593,HDB Carpark
B98,1.3360794194920382,103.92191686099008,HDB Carpark
B99M,1.327488075073332,103.9227613439326,HDB Carpark
CAM,1.3018210574313116,103.79820565809392,HDB Carpark
CCKC,1.3850753626994694,103.74574719528962,HDB Carpark
CCM,1.3036608788452493,103.7997973262448,HDB Carpark
CC12,1.3267660935698462,103.9249255468732,HDB Carpark
CDM,1.3016364093624115,103.79679138790384,HDB Carpark
CKM1,1.3835963556122934,103.74082478082065,HDB Carpark
CKM2,1.398384837810041,103.74674494947024,HDB Carpark
CKM3,1.381187418093136,103.73664153064172,HDB Carpark
CKM4,1.3786379456153657,103.737929659825,HDB Carpark
CKM5,1.3793103007570011,103.73569574377184,HDB Carpark
CKM6,1.37753541473403,103.73574760435896,HDB Carpark
CKM7,1.3759735599231604,103.73707093730047,HDB Carpark
CKM8,1.375049975218808,103.7383620906202,HDB Carpark
CKM9,1.3773651916023415,103.74329658894608,HDB Carpark
CK10,1.3805047532205248,103.74543486598355,HDB Carpark
CK11,1.3787338234756623,103.74186894657916,HDB Carpark
CK22,1.3838438770093515,103.74594296799224,HDB Carpark
CK28,1.3800848001567996,103.74417169247384,HDB Carpark
CK3A,1.37949253030326,103.749980341676,HDB Carpark
CK31,1.378750233149043,103.74493840789523,HDB Carpark
CK32,1.3773947750358424,103.74396269033356,HDB Carpark
CK33,1.3886976858792537,103.74295135477604,HDB Carpark
CK34,1.3885772458034669,103.7410970484228,HDB Carpark
CK35,1.3903269693827938,103.74239727614716,HDB Carpark
CK36,1.3922859022308811,103.74108732653995,HDB Carpark
CK37,1.3940529952860852,103.7422298477562,HDB Carpark
CK38,1.3930853528194669,103.74479108110928,HDB Carpark
CK39,1.3961472532491073,103.74427780249434,HDB Carpark
CK40,1.395380762135428,103.74614735348564,HDB Carpark
CK41,1.3909574199697596,103.74645700945592,HDB Carpark
CK42,1.392769042062611,103.7467303588618,HDB Carpark
CK44,1.3925888350648057,103.7491367373063,HDB Carpark
CK45,1.394517940974819,103.74996683599052,HDB Carpark
CK46,1.395266310343541,103.7495321068032,HDB Carpark
CK47,1.3952394503711885,103.74769942278267,HDB Carpark
CK48,1.3974022344611845,103.74516772920892,HDB Carpark
CK49,1.3987826049446002,103.74352305674668,HDB Carpark
CK50,1.4004285839443864,103.74374642444516,HDB Carpark
CK51,1.3996440372231296,103.74759048649082,HDB Carpark
CK52,1.400659030128732,103.75023635729684,HDB Carpark
CK53,1.4015543884980115,103.7501863098108,HDB Carpark
CK54,1.3981368406612196,103.74911670029506,HDB Carpark
CK56,1.401196046589023,103.7466707134057,HDB Carpark
CK57,1.4022393536094306,103.74832374074036,HDB Carpark
CK58,1.401880010410776,103.74487907782584,HDB Carpark
CK59,1.376811917400494,103.74203813468692,HDB Carpark
CK6A,1.381035391940189,103.75313692680994,HDB Carpark
CK60,1.4042944339787442,103.74587382647135,HDB Carpark
CK61,1.40408941986099,103.7489175658637,HDB Carpark
CK62,1.4038394863248411,103.74988994322813,HDB Carpark
CK63,1.4028635015212754,103.75088431616422,HDB Carpark
CK64,1.3997628341389776,103.75130299875012,HDB Carpark
CK66,1.394020588072208,103.74555905214446,HDB Carpark
CK7,1.3802822594561717,103.7519604993514,HDB Carpark
CK70,1.3769332572770212,103.73814649010536,HDB Carpark
CK71,1.3766878029172798,103.73868084627505,HDB Carpark
CK72,1.375558812524167,103.74093049457312,HDB Carpark
CK73,1.375282918929695,103.74341279299836,HDB Carpark
CK74,1.373297191340911,103.7432384987506,HDB Carpark
CK75,1.374982441301855,103.74453422557644,HDB Carpark
CK76,1.3740404516807108,103.74620673798104,HDB Carpark
CK77,1.376557231641778,103.74671368024912,HDB Carpark
CK78,1.3769877482261237,103.74939942553638,HDB Carpark
CK79,1.375123710117592,103.74971185297092,HDB Carpark
CK8A,1.3812186067394707,103.74897859928704,HDB Carpark
CLM,1.2924830119920756,103.81440063004618,HDB Carpark
CLNA,1.3224147236725896,103.76305369893672,HDB Carpark
CLRG,1.319049411792723,103.76398569522,HDB Carpark
CLTR,1.3193599995859135,103.7651328328665,HDB Carpark
CM1,1.2744580741015783,103.83921657284012,HDB Carpark
CSM,1.287438074161016,103.84116520631513,HDB Carpark
CTM1,1.3147446650345729,103.7640729231844,HDB Carpark
CVBK,1.3165164328549397,103.861027597963,HDB Carpark
C13M,1.3205633714110507,103.76617984015796,HDB Carpark
C14M,1.3173923753204797,103.76518546060076,HDB Carpark
C15M,1.316254186221337,103.76404642824566,HDB Carpark
C19M,1.3133630086406851,103.76385460751854,HDB Carpark
C2M,1.3109282161791251,103.7678805968392,HDB Carpark
C20M,1.3115042554415306,103.76565077719528,HDB Carpark
C21M,1.3116611944348056,103.766526732001,HDB Carpark
C22M,1.3216503041788223,103.77033993399924,HDB Carpark
C28M,1.3223617440785436,103.76207145067872,HDB Carpark
C3M,1.3098135876330457,103.770131034559,HDB Carpark
C4M,1.3114801086975745,103.7705025129518,HDB Carpark
DRM1,1.2805131560457597,103.81154349195452,HDB Carpark
DRM2,1.2812993757006328,103.80785308038976,HDB Carpark
DRM3,1.2808383769937826,103.80986791310744,HDB Carpark
DRM4,1.2808706520545836,103.81236594973797,HDB Carpark
DRM5,1.2813318825559272,103.80947738316948,HDB Carpark
DSR1,1.2984559909642068,103.80353761899204,HDB Carpark
DSR2,1.297894742961036,103.80533099300048,HDB Carpark
DUXM,1.2769773813172811,103.8410540704323,HDB Carpark
DWSO,1.2964677180872068,103.80694325929532,HDB Carpark
DWSP,1.296073217364647,103.81193415972382,HDB Carpark
DWST,1.295186745018141,103.81198973307656,HDB Carpark
DWSV,1.2953067953956627,103.80961685626276,HDB Carpark
DWVT,1.2942254278456495,103.81014450777568,HDB Carpark
ECM,1.319997627902247,103.9016271360884,HDB Carpark
ECM2,1.3198157545575078,103.90064969675542,HDB Carpark
EPM,1.276184436082743,103.83890822772904,HDB Carpark
FRM,1.308758633048291,103.86136466220748,HDB Carpark
FR3M,1.3166948314211009,103.80621058640888,HDB Carpark
FR4M,1.3168757266186235,103.80753449141054,HDB Carpark
GBM,1.3227723905559787,103.8686336756664,HDB Carpark
GEM,1.3200368136063032,103.88760266728212,HDB Carpark
GMLM,1.3087283120092683,103.785820620833,HDB Carpark
GM1A,1.3126136388646843,103.78692568583948,HDB Carpark
GM1B,1.3129217007451546,103.78825693218896,HDB Carpark
GM1M,1.3093544323655109,103.78436887624204,HDB Carpark
GM2A,1.3108710407309725,103.78726431710508,HDB Carpark
GM6A,1.3094925337172716,103.788722863762,HDB Carpark
GM6B,1.309611071067896,103.78765231793032,HDB Carpark
GSM,1.317206714246541,103.89834009661357,HDB Carpark
HCM,1.289046047681604,103.82155994001778,HDB Carpark
HDBH,1.3322044726378632,103.84831918865638,HDB Carpark
HG1A,1.3786638473853396,103.901785147268,HDB Carpark
HG1B,1.3757208427288232,103.90068924136034,HDB Carpark
HG1C,1.377867366787207,103.90386188508528,HDB Carpark
HG1D,1.363743381472033,103.8941132660952,HDB Carpark
HG1E,1.3626513259842463,103.89471557255526,HDB Carpark
HG1F,1.3581131891083922,103.8871054450448,HDB Carpark
HG2A,1.3763723182473209,103.90072077615486,HDB Carpark
HG2B,1.3755299072635618,103.8824558385079,HDB Carpark
HG2C,1.3701078117066328,103.89722756129149,HDB Carpark
HG3A,1.3854226024281675,103.88078745980074,HDB Carpark
HG3B,1.3842997435333615,103.88162446141357,HDB Carpark
HG3C,1.3867765250799935,103.88200551694216,HDB Carpark
HG3D,1.3842111161564543,103.87967359393372,HDB Carpark
HG3E,1.3851206887907646,103.88365807896564,HDB Carpark
HG47,1.3711840890820357,103.89396218073212,HDB Carpark
HG53,1.3708718261551995,103.89070311870604,HDB Carpark
HG54,1.356644353940872,103.88435474309772,HDB Carpark
HG60,1.3790043779578531,103.89119380269584,HDB Carpark
HG61,1.379654027848913,103.88915444541884,HDB Carpark
HG62,1.3808269962216204,103.88855958799294,HDB Carpark
HG63,1.3723576650712612,103.89736447686516,HDB Carpark
HG68,1.369924451169818,103.89183951666406,HDB Carpark
HG69,1.369980742386635,103.8929697698494,HDB Carpark
HG70,1.37897356713733,103.88850841193016,HDB Carpark
HG71,1.3777026962814962,103.88637393238078,HDB Carpark
HG72,1.3786242831960844,103.885911372643,HDB Carpark
HG73,1.3783044546256251,103.88355145011192,HDB Carpark
HG74,1.3508201907160524,103.88807050800904,HDB Carpark
HG75,1.3505915942279876,103.88899792755912,HDB Carpark
HG76,1.3517580846379889,103.87947399435032,HDB Carpark
HG77,1.375454194186459,103.88424412307084,HDB Carpark
HG78,1.3767756461828884,103.88326593439804,HDB Carpark
HG79,1.3760480717091104,103.880491342577,HDB Carpark
HG80,1.3741901308817597,103.87906751297764,HDB Carpark
HG86,1.3746614061371194,103.8805280390918,HDB Carpark
HG87,1.375920928263082,103.8778631956792,HDB Carpark
HG88,1.376042822392528,103.88858974438214,HDB Carpark
HG89,1.3778423903615686,103.89402902276244,HDB Carpark
HG90,1.3778814205799572,103.87784351376946,HDB Carpark
HG91,1.3780174959451332,103.88022012092752,HDB Carpark
HG92,1.3622990615322417,103.89003179618815,HDB Carpark
HG93,1.379978213203621,103.88011750262255,HDB Carpark
HG94,1.3815610022490354,103.8806477877382,HDB Carpark
HG95,1.3539778672243794,103.89010018427128,HDB Carpark
HG98,1.3799740663044295,103.87769855426524,HDB Carpark
HLM,1.2847577556273695,103.84549081920294,HDB Carpark
HRM,1.2875208652204588,103.82135593247592,HDB Carpark
HVM,1.2898694822057029,103.82771837120627,HDB Carpark
H14,1.288511700181495,103.832465211569,HDB Carpark
H17,1.2881678575922195,103.82785710514734,HDB Carpark
H18,1.2889897405337591,103.8269788153763,HDB Carpark
H6M,1.2912253507738878,103.82792322321065,HDB Carpark
JBM,1.2792629708630556,103.82718857877008,HDB Carpark
JBM2,1.2802444113188274,103.8252796242052,HDB Carpark
JCM,1.31525295135647,103.89885600323052,HDB Carpark
JKM,1.2872568479780278,103.83897315415314,HDB Carpark
JMB1,1.281934892229839,103.82701754725304,HDB Carpark
JMB2,1.2851351442786731,103.8267956000755,HDB Carpark
JMB3,1.282596291075264,103.8255985280811,HDB Carpark
JM1,1.3450705393275175,103.72065037678252,HDB Carpark
JM10,1.3389486784923126,103.69728745900905,HDB Carpark
JM11,1.3417967899714978,103.70414895637856,HDB Carpark
JM12,1.3411209710444365,103.69843639350871,HDB Carpark
JM13,1.33947094700527,103.69974492611514,HDB Carpark
JM14,1.342400674377113,103.6987695921898,HDB Carpark
JM15,1.3408888288394545,103.70008243365508,HDB Carpark
JM16,1.337215563660318,103.70212302793485,HDB Carpark
JM17,1.3353138254513022,103.70408612809914,HDB Carpark
JM18,1.3429966284896662,103.69952925533713,HDB Carpark
JM19,1.3519736920625136,103.7028211437118,HDB Carpark
JM2,1.3439355403155546,103.70496360394915,HDB Carpark
JM20,1.3353770862050351,103.7009564655498,HDB Carpark
JM21,1.337074566706119,103.69717792676818,HDB Carpark
JM22,1.34474854196757,103.702591748158,HDB Carpark
JM23,1.353562688433662,103.703787405644,HDB Carpark
JM24,1.3352874843035507,103.69805983031736,HDB Carpark
JM25,1.3443036800399315,103.70062818236656,HDB Carpark
JM26,1.345572547207182,103.70313374298358,HDB Carpark
JM27,1.3463047673601205,103.7045844632931,HDB Carpark
JM28,1.3353272224094497,103.69568781607876,HDB Carpark
JM29,1.3370050641486002,103.69450453965244,HDB Carpark
JM3,1.3445890471540414,103.7060668364871,HDB Carpark
JM30,1.3504991263574486,103.70388481388862,HDB Carpark
JM31,1.3420131073387191,103.69758237259092,HDB Carpark
JM32,1.341599934271881,103.70808085404204,HDB Carpark
JM33,1.3356806636530256,103.69244246777836,HDB Carpark
JM4,1.3444418938574263,103.70391272028856,HDB Carpark
JM5,1.33948512421211,103.70314264442648,HDB Carpark
JM6,1.3392138572978476,103.70176502840748,HDB Carpark
JM7,1.3424859280067267,103.70300645678556,HDB Carpark
JM8,1.3413442507193378,103.70150259793448,HDB Carpark
JM9,1.3386592120903409,103.6968178714572,HDB Carpark
JRM,1.3071670198992562,103.86185417499212,HDB Carpark
JRTM,1.2893587269753013,103.81032768986444,HDB Carpark
J23M,1.3490191908456135,103.73213323917892,HDB Carpark
J49M,1.353782581926777,103.71967598067624,HDB Carpark
J58,1.3342030833182366,103.739656017494,HDB Carpark
J60M,1.349354909289266,103.71790104604126,HDB Carpark
J62M,1.3398730274812336,103.68655537092351,HDB Carpark
J64,1.3444733458300595,103.73185235993428,HDB Carpark
J68M,1.3420559299413872,103.6919224761855,HDB Carpark
J69M,1.3413441331084193,103.69334591602572,HDB Carpark
J74M,1.3428451201999902,103.69685387663056,HDB Carpark
J75M,1.3441944891692894,103.69311740148584,HDB Carpark
J76M,1.3443044123065464,103.69452917581452,HDB Carpark
J77M,1.347445423506806,103.69856061913084,HDB Carpark
J78M,1.3415658549718297,103.69512328117342,HDB Carpark
J79M,1.346501083531813,103.69493880629842,HDB Carpark
J8M,1.340646979596777,103.74242652213051,HDB Carpark
J80M,1.3455473430034548,103.70096949302328,HDB Carpark
J81M,1.3495914590692828,103.700177324868,HDB Carpark
J82M,1.3458500076506832,103.6924501001392,HDB Carpark
J83M,1.3502206530155636,103.69506444233126,HDB Carpark
J84M,1.3477246830725258,103.696478557493,HDB Carpark
J85M,1.3499771895467574,103.69623487505145,HDB Carpark
J86M,1.3499622723359204,103.69909010573176,HDB Carpark
J88M,1.3416792676491895,103.70720618934286,HDB Carpark
J89M,1.3423753450796323,103.70590079148498,HDB Carpark
J90,1.341547137056868,103.74746010063718,HDB Carpark
J91,1.3375372199171944,103.7441050519854,HDB Carpark
J92,1.3375577648770764,103.74685639183146,HDB Carpark
J93,1.339241045742678,103.74514016877326,HDB Carpark
J94,1.339692264362424,103.7431661191952,HDB Carpark
J95,1.3401003005523224,103.7470868836085,HDB Carpark
J96,1.3415185653945148,103.74495831602718,HDB Carpark
J97,1.3424013439260625,103.74594637866043,HDB Carpark
J98M,1.3397788016970955,103.69685697580206,HDB Carpark
J99M,1.3397333027042406,103.69604297580922,HDB Carpark
KAB,1.2817069215968342,103.8423878527786,HDB Carpark
KAM,1.2819551401341338,103.8432993941714,HDB Carpark
KBM,1.3202392875401796,103.86912462402036,HDB Carpark
KB20,1.3237494773420009,103.86644259415296,HDB Carpark
KEM1,1.30891669220001,103.8525142617092,HDB Carpark
KE3M,1.3340211415398395,103.9114100626494,HDB Carpark
KJM1,1.3160936666077352,103.84879589885313,HDB Carpark
KJM2,1.3116793444533783,103.85204721150244,HDB Carpark
KLM,1.3062670008791737,103.85680081928476,HDB Carpark
KM1,1.3101121410128778,103.88394614159616,HDB Carpark
KM2,1.3087708200412933,103.88773705618028,HDB Carpark
KM3,1.3085039778619183,103.8829464507857,HDB Carpark
KM4,1.308492552601751,103.88536280878152,HDB Carpark
KM5,1.3099969542952536,103.88554909176167,HDB Carpark
KM6,1.3094690289534323,103.88811485493773,HDB Carpark
KRM,1.3113925840335223,103.87334197089515,HDB Carpark
KTM,1.283069382670319,103.82865102020018,HDB Carpark
KTM2,1.283446479605298,103.8274761660386,HDB Carpark
KTM3,1.2806394354926462,103.82864802888751,HDB Carpark
KTM4,1.2814814461425328,103.82729731282124,HDB Carpark
KTM5,1.2825290974366843,103.829461390033,HDB Carpark
KTM6,1.2818564521671447,103.82924344240904,HDB Carpark
KUM1,1.3272180640396491,103.89909184212554,HDB Carpark
KUM2,1.3290378028072032,103.89874827477956,HDB Carpark
LBM,1.2893340477316113,103.81522033138349,HDB Carpark
MLM,1.2933650054100585,103.80345452106444,HDB Carpark
MLM1,1.2920319699769376,103.80353016873036,HDB Carpark
MM1,1.330455100290608,103.88706362505675,HDB Carpark
MM2,1.324339687506112,103.88609424966474,HDB Carpark
MM3,1.3262662777141814,103.88801858425032,HDB Carpark
MM4,1.329329656704175,103.8854865520316,HDB Carpark
MM5,1.3297917282525469,103.8885750031156,HDB Carpark
MM6,1.3243040479763966,103.8900961724622,HDB Carpark
MNM,1.3210421547957307,103.85983538215342,HDB Carpark
MNRM,1.3205402150734074,103.85943053232884,HDB Carpark
MP1M,1.302966983598625,103.9099136319689,HDB Carpark
MP19,1.3012859111117976,103.90640021486206,HDB Carpark
MP2M,1.303636521036433,103.91287956925623,HDB Carpark
MP3M,1.3043572955307268,103.9153408153675,HDB Carpark
MP4M,1.3039966136773662,103.91419719336623,HDB Carpark
MP5M,1.3054480243950703,103.91247836691676,HDB Carpark
MP6M,1.302298273755767,103.90828624158996,HDB Carpark
NBRM,1.3040036166790787,103.86301043995866,HDB Carpark
NT1,1.3611959653243388,103.93627591213485,HDB Carpark
NT2,1.3621198286235536,103.93632632224282,HDB Carpark
NT3,1.3640485877681483,103.93624144919546,HDB Carpark
NT4,1.3654317476675577,103.93623652273298,HDB Carpark
NT6,1.367337318758998,103.94179198726506,HDB Carpark
NT7,1.3660046706209743,103.94298218411,HDB Carpark
NT8,1.3659712452608657,103.94019169258353,HDB Carpark
PDC4,1.3778877152433882,103.7387460775052,HDB Carpark
PDC5,1.3915752693009902,103.74337020617511,HDB Carpark
PDJ3,1.3347153913634866,103.72041507700844,HDB Carpark
PDJ7,1.3489615906402477,103.69791006448118,HDB Carpark
PDL1,1.3941460662993008,103.91295050922298,HDB Carpark
PDL2,1.402866991057377,103.91309730699808,HDB Carpark
PDP4,1.3837675231487208,103.77137123961276,HDB Carpark
PDQ5,1.2926793297693575,103.81098242424284,HDB Carpark
PDR2,1.3669259778172471,103.96455015442623,HDB Carpark
PDR6,1.377911171618817,103.94173943625098,HDB Carpark
PDR7,1.3797395060386948,103.9362361216368,HDB Carpark
PDS1,1.3854699982857863,103.90183385802828,HDB Carpark
PDT8,1.3553703676578663,103.93451077983563,HDB Carpark
PDW5,1.4307681685236917,103.7941461022236,HDB Carpark
PDW7,1.4454622849389198,103.79806059150005,HDB Carpark
PDW8,1.4381363820727706,103.7951514476537,HDB Carpark
PD8W,1.4431164400349463,103.7910463068142,HDB Carpark
PL10,1.396647591936397,103.91030619395816,HDB Carpark
PL11,1.3981144128367329,103.90865055016069,HDB Carpark
PL12,1.3923706667284796,103.90940612733527,HDB Carpark
PL13,1.3935886554890773,103.91038940445094,HDB Carpark
PL14,1.4023968775457822,103.90504945007196,HDB Carpark
PL15,1.3948625188764745,103.91258495275932,HDB Carpark
PL16,1.3986088574081827,103.90936832589144,HDB Carpark
PL17,1.398717290770929,103.9163888739785,HDB Carpark
PL18,1.3960928474761427,103.91431651502327,HDB Carpark
PL19,1.3996847723542247,103.91010391091996,HDB Carpark
PL20,1.3995558665879635,103.91519589302516,HDB Carpark
PL21,1.3949707847951462,103.91546575186808,HDB Carpark
PL22,1.3977398982918712,103.91591124799342,HDB Carpark
PL23,1.3997668965998606,103.90368863010563,HDB Carpark
PL24,1.3995519599597013,103.90833604330294,HDB Carpark
PL25,1.3955198255395462,103.91177770471042,HDB Carpark
PL26,1.3972838421569989,103.91530323143354,HDB Carpark
PL27,1.3984631405322812,103.90307285517706,HDB Carpark
PL28,1.4020092036707752,103.90651604233211,HDB Carpark
PL29,1.4005388470136555,103.91326596736565,HDB Carpark
PL30,1.394353944737511,103.9140938416792,HDB Carpark
PL31,1.4036785832909144,103.90619802299028,HDB Carpark
PL32,1.404847250017243,103.90460666624088,HDB Carpark
PL34,1.403862280610026,103.90798247324136,HDB Carpark
PL35,1.403119329325954,103.90729350674668,HDB Carpark
PL37,1.4032349137543931,103.90965714004724,HDB Carpark
PL38,1.4045992306191055,103.90863393763146,HDB Carpark
PL39,1.4040002035818009,103.89795280345768,HDB Carpark
PL40,1.403721063518619,103.89915033137795,HDB Carpark
PL41,1.4026510883226655,103.90194268043491,HDB Carpark
PL42,1.4021264239945637,103.91169725663116,HDB Carpark
PL45,1.3936293802076938,103.91450023771422,HDB Carpark
PL47,1.4006269776141669,103.900916328431,HDB Carpark
PL49,1.399343860504847,103.90038229474284,HDB Carpark
PL50,1.4014192894388873,103.89943821756714,HDB Carpark
PL51,1.4000278960765056,103.89864919917387,HDB Carpark
PL52,1.410213756755382,103.90146940720696,HDB Carpark
PL53,1.405298645329239,103.89817526182348,HDB Carpark
PL54,1.404506226244788,103.89534432107784,HDB Carpark
PL55,1.4054048056345316,103.8968415686658,HDB Carpark
PL56,1.4070699794626311,103.91172986197324,HDB Carpark
PL57,1.4019208645334202,103.91468720451994,HDB Carpark
PL58,1.3999148394641896,103.91679073265176,HDB Carpark
PL59,1.408109321653477,103.89876067269128,HDB Carpark
PL60,1.4058229986447524,103.91325810351456,HDB Carpark
PL61,1.4061149025133133,103.90888986674688,HDB Carpark
PL62,1.4055339264168496,103.89552843195224,HDB Carpark
PL63,1.4057398730818171,103.9095796556182,HDB Carpark
PL64,1.4052928416984591,103.9102141745624,HDB Carpark
PL65,1.409762447924623,103.89972278958646,HDB Carpark
PL66,1.3935832922158464,103.9083695310196,HDB Carpark
PL67,1.4084738701672703,103.89751341807984,HDB Carpark
PL68,1.4028497771467343,103.8956389998498,HDB Carpark
PL69,1.4025347595532838,103.91761458579194,HDB Carpark
PL70,1.4030007739268096,103.89324051770711,HDB Carpark
PL71,1.4040028239494386,103.91577153642451,HDB Carpark
PL72,1.4011009423466587,103.89427875623969,HDB Carpark
PL73,1.403294606434495,103.89202440609527,HDB Carpark
PL74,1.4012602647548866,103.89160298259335,HDB Carpark
PL75,1.413449906911528,103.8987514289573,HDB Carpark
PL76,1.413300796243428,103.89932825423638,HDB Carpark
PL77,1.4010123109754915,103.91955204475866,HDB Carpark
PL78,1.4112200458616646,103.89750491628354,HDB Carpark
PL79,1.3990865715031704,103.92126329189942,HDB Carpark
PL80,1.4167856591181154,103.9021077540444,HDB Carpark
PL81,1.4197922102831948,103.90448268138051,HDB Carpark
PL82,1.4169721676214295,103.90027160812323,HDB Carpark
PL83,1.418511583782636,103.90211346787378,HDB Carpark
PL84,1.3978246062557635,103.92044173089442,HDB Carpark
PL85,1.4144446634549848,103.90034872961849,HDB Carpark
PL86,1.4179543758353008,103.9058503389072,HDB Carpark
PL87,1.419437536188444,103.90590090283057,HDB Carpark
PM1,1.374282852405605,103.95660442487537,HDB Carpark
PM10,1.3667464214739595,103.96247396456344,HDB Carpark
PM11,1.3647932754078955,103.96345701840376,HDB Carpark
PM12,1.3649054929788302,103.96502890331404,HDB Carpark
PM13,1.366473554777534,103.95959774167474,HDB Carpark
PM14,1.3647084328267172,103.96010539790755,HDB Carpark
PM15,1.3641601337238645,103.96167711032824,HDB Carpark
PM16,1.3623587330477755,103.96272060688608,HDB Carpark
PM17,1.3628388914348069,103.95975833337504,HDB Carpark
PM18,1.3647565501015353,103.9568798276906,HDB Carpark
PM19,1.367956777555038,103.95702273852464,HDB Carpark
PM2,1.3700730656196598,103.9610128504608,HDB Carpark
PM20,1.368041633413591,103.94745603169594,HDB Carpark
PM21,1.3711969823159365,103.94941542540188,HDB Carpark
PM22,1.368562431236492,103.95221374215556,HDB Carpark
PM23,1.368681755302246,103.9495037477118,HDB Carpark
PM24,1.367185179911427,103.9513153189911,HDB Carpark
PM25,1.3763901312097686,103.9456088898042,HDB Carpark
PM26,1.373867572894938,103.94399274023216,HDB Carpark
PM27,1.373960188897794,103.9465959696924,HDB Carpark
PM28,1.3747001092714637,103.9477660061047,HDB Carpark
PM29,1.3773336408343004,103.94337373293398,HDB Carpark
PM3,1.371800349816743,103.96093300168212,HDB Carpark
PM30,1.3757453839953446,103.9421771868833,HDB Carpark
PM32,1.3793067735982878,103.94009872430271,HDB Carpark
PM33,1.3770809237481754,103.93987670048551,HDB Carpark
PM34,1.3780006050848774,103.93871197024473,HDB Carpark
PM35,1.3807695117170835,103.93864139053616,HDB Carpark
PM36,1.3824165586451849,103.93707054978772,HDB Carpark
PM37,1.3819247877443903,103.93601952013265,HDB Carpark
PM38,1.3789475812238086,103.93724254160917,HDB Carpark
PM4,1.3741059191478586,103.9614427135846,HDB Carpark
PM40,1.3779476132601651,103.93538366563044,HDB Carpark
PM41,1.3788374116684643,103.93408744824994,HDB Carpark
PM43,1.377236378857081,103.9331362544653,HDB Carpark
PM44,1.375965618267449,103.93329952863986,HDB Carpark
PM45,1.3746019548874362,103.93590489391258,HDB Carpark
PM46,1.373224586883508,103.93838698872872,HDB Carpark
PM5,1.3737703530713932,103.96260801282298,HDB Carpark
PM6,1.370820028225228,103.96341243438133,HDB Carpark
PM7,1.3675576381719905,103.96324992159084,HDB Carpark
PM8,1.371635990214653,103.960255942047,HDB Carpark
PM9,1.3682919670590934,103.96121606162932,HDB Carpark
PRM,1.2854503678206215,103.8422700080622,HDB Carpark
PRM1,1.369619633888198,103.95783518955092,HDB Carpark
P1,1.3993368546917735,103.9070237258351,HDB Carpark
P2,1.4001046189481592,103.90602882381486,HDB Carpark
P3,1.3984568370825283,103.90577445865664,HDB Carpark
P4,1.3972271617557024,103.905622898827,HDB Carpark
P5,1.396877554712996,103.90764189630706,HDB Carpark
P6,1.3953685695565574,103.90946234340296,HDB Carpark
P7,1.395427966897404,103.90647015288728,HDB Carpark
P8,1.394228446238064,103.9109139067707,HDB Carpark
P9,1.3929239184124893,103.9125374582962,HDB Carpark
Q75M,1.3083119292817014,103.79369887834429,HDB Carpark
Q77M,1.3115932040321494,103.79201555445782,HDB Carpark
Q86,1.2945634816894225,103.80387186857251,HDB Carpark
Q87,1.3088789371038347,103.79623840948705,HDB Carpark
Q88,1.2929905606576113,103.80055965992064,HDB Carpark
Q89,1.3062461348732004,103.79504979530898,HDB Carpark
RCM,1.3072102800045189,103.85535244045684,HDB Carpark
RHM,1.2864639274829983,103.81857760519372,HDB Carpark
RHM2,1.2870082444741175,103.8169073241666,HDB Carpark
RHM3,1.28791577695299,103.81727324817024,HDB Carpark
RHM4,1.287988772154001,103.81581722173428,HDB Carpark
SAM,1.292563549000884,103.81187745068672,HDB Carpark
SAM2,1.2939665666451006,103.8110072972267,HDB Carpark
SB1,1.4464802870120508,103.8220572791407,HDB Carpark
SB10,1.45249598745469,103.81539294605084,HDB Carpark
SB11,1.451775978199504,103.81666194814876,HDB Carpark
SB12,1.4531650655885573,103.819062926083,HDB Carpark
SB13,1.4543523817123147,103.8164254897947,HDB Carpark
SB14,1.4523973177575231,103.81743227735949,HDB Carpark
SB15,1.448927180575242,103.8166936266961,HDB Carpark
SB16,1.4482824208020313,103.81731036780394,HDB Carpark
SB17,1.450908114228224,103.82368995407172,HDB Carpark
SB18,1.44893112120316,103.81370144290965,HDB Carpark
SB19,1.451591642753417,103.82135766637344,HDB Carpark
SB2,1.446448334770354,103.82050273329824,HDB Carpark
SB20,1.4502717325718153,103.82250801852754,HDB Carpark
SB21,1.451781285589973,103.81423563978689,HDB Carpark
SB22,1.4511675571821494,103.8202882923338,HDB Carpark
SB23,1.4500353806754052,103.81838924290304,HDB Carpark
SB24,1.452416912231219,103.82353138485598,HDB Carpark
SB25,1.4501900593556505,103.824786964921,HDB Carpark
SB26,1.4564650180938088,103.81522395296524,HDB Carpark
SB27,1.4566224164763006,103.81739647167682,HDB Carpark
SB28,1.454863339256373,103.81563840952468,HDB Carpark
SB29,1.4530310352110776,103.8200839080424,HDB Carpark
SB3,1.4449556774576706,103.81877261852809,HDB Carpark
SB30,1.455468085908497,103.81353977631456,HDB Carpark
SB31,1.4555266790492698,103.81452318921076,HDB Carpark
SB32,1.4503668722544198,103.82631386478543,HDB Carpark
SB33,1.451213897941921,103.82743286825084,HDB Carpark
SB35,1.445716569449805,103.83160177449506,HDB Carpark
SB36,1.4474343156995622,103.83398232747965,HDB Carpark
SB37,1.4491498239714462,103.8327386636083,HDB Carpark
SB38,1.444643046901127,103.83269273289434,HDB Carpark
SB39,1.4477832787068858,103.8322053096838,HDB Carpark
SB4,1.4440797074466687,103.82127316472292,HDB Carpark
SB40,1.446071969442511,103.82870324072358,HDB Carpark
SB41,1.4461829830547863,103.81375259506224,HDB Carpark
SB42,1.4443661657599032,103.81625814051456,HDB Carpark
SB43,1.4450690449281145,103.82991615123112,HDB Carpark
SB44,1.4518274120761143,103.83208939433726,HDB Carpark
SB45,1.4433848775494935,103.8307589124351,HDB Carpark
SB46,1.4459880598634818,103.83435654794089,HDB Carpark
SB47,1.4485951270246484,103.82974768261484,HDB Carpark
SB5,1.4461198447407102,103.81819700149306,HDB Carpark
SB6,1.445341200887787,103.822555133907,HDB Carpark
SB7,1.4466286838914597,103.81500660782498,HDB Carpark
SB8,1.4471119773997256,103.81722634794144,HDB Carpark
SB9,1.447670434181068,103.81548836056405,HDB Carpark
SDM,1.312460211622457,103.87445140859636,HDB Carpark
SDM2,1.3161327950004906,103.87845506103255,HDB Carpark
SE20,1.351577567630948,103.87209879674316,HDB Carpark
SE23,1.3540499067911238,103.87083893019737,HDB Carpark
SE28,1.3481957061532066,103.87362325721168,HDB Carpark
SE29,1.3499026871040092,103.8757992852994,HDB Carpark
SE30,1.3678621295789075,103.87445279978024,HDB Carpark
SE38,1.373953245207486,103.87571527826655,HDB Carpark
SE39,1.373503671772787,103.87170290325064,HDB Carpark
SE4S,1.366987286696178,103.87327955200178,HDB Carpark
SE40,1.3725409566369564,103.87002295696432,HDB Carpark
SE41,1.3740476540994038,103.87021204033404,HDB Carpark
SE42,1.37087973961596,103.87510469851748,HDB Carpark
SE5L,1.3694026719542898,103.8753455597718,HDB Carpark
SE50,1.35390134346339,103.8686103707852,HDB Carpark
SE51,1.3552098604736458,103.87238246840384,HDB Carpark
SE53,1.369391156083415,103.87507121088753,HDB Carpark
SGLM,1.3226623838300846,103.86022903293475,HDB Carpark
SGTM,1.322034687952675,103.86283710341829,HDB Carpark
SH2,1.3519652625237166,103.83696880365731,HDB Carpark
SIM1,1.34316454230576,103.9504537993987,HDB Carpark
SIM2,1.3461064600262502,103.95391967522475,HDB Carpark
SIM3,1.345370177272707,103.95816625977923,HDB Carpark
SIM4,1.3435931829113543,103.95354638404818,HDB Carpark
SIM5,1.342527290332565,103.95228048073788,HDB Carpark
SIM6,1.3429664551874472,103.95894372041214,HDB Carpark
SK1,1.3884172597070312,103.90416746999098,HDB Carpark
SK10,1.3902640175240084,103.89823603716265,HDB Carpark
SK11,1.3884031811248507,103.8994634835394,HDB Carpark
SK12,1.3832014796474887,103.90065803933705,HDB Carpark
SK13,1.3881741101637362,103.90074359393208,HDB Carpark
SK14,1.389815036287061,103.9053373206958,HDB Carpark
SK15,1.3936038427321549,103.89953418022652,HDB Carpark
SK16,1.3837297041351513,103.9009037659499,HDB Carpark
SK17,1.392821390774375,103.89870681748124,HDB Carpark
SK18,1.3946789699893818,103.90455098519716,HDB Carpark
SK19,1.394773252958033,103.90242815700068,HDB Carpark
SK2,1.3902834068297845,103.90011414541772,HDB Carpark
SK20,1.3940951516643636,103.90387099960198,HDB Carpark
SK21,1.3828302395377228,103.9031088524081,HDB Carpark
SK22,1.3872244484762686,103.9052154115567,HDB Carpark
SK23,1.3862233734196825,103.90609468269244,HDB Carpark
SK24,1.3937143837711423,103.90675769276932,HDB Carpark
SK25,1.3929209702849534,103.89795579643965,HDB Carpark
SK26,1.3935143423581946,103.89655861618256,HDB Carpark
SK27,1.384855972302849,103.90344012017658,HDB Carpark
SK28,1.3870087192667413,103.89590076347676,HDB Carpark
SK29,1.388022573253227,103.89538993670811,HDB Carpark
SK3,1.3860441807607229,103.89742587393226,HDB Carpark
SK30,1.3937198420676982,103.89584128890571,HDB Carpark
SK31,1.3932082235368286,103.90256587963744,HDB Carpark
SK32,1.3876583459669154,103.89216437348892,HDB Carpark
SK33,1.388331502255945,103.89239969863984,HDB Carpark
SK34,1.3966809496482944,103.90197084903365,HDB Carpark
SK35,1.3951935711256291,103.89984356864696,HDB Carpark
SK36,1.388853429245623,103.89154112843642,HDB Carpark
SK37,1.3874486506871395,103.89060865561837,HDB Carpark
SK38,1.3947766801720602,103.89468941910236,HDB Carpark
SK39,1.3962605919227635,103.89806140504766,HDB Carpark
SK4,1.3821330181549536,103.90006207293185,HDB Carpark
SK40,1.3904467559290814,103.88840339805576,HDB Carpark
SK41,1.3887279540538269,103.88777616046258,HDB Carpark
SK42,1.387879204666013,103.88933309952311,HDB Carpark
SK43,1.3964681241488153,103.8971816570568,HDB Carpark
SK44,1.3894943709639016,103.88638030369825,HDB Carpark
SK45,1.3976005196183674,103.89873817955858,HDB Carpark
SK46,1.3921991957345907,103.88511138181352,HDB Carpark
SK47,1.3903581193809869,103.88518232392212,HDB Carpark
SK48,1.3902040655569778,103.89150780180584,HDB Carpark
SK49,1.3905130202271294,103.89045576272206,HDB Carpark
SK5,1.3876784878398338,103.90274506989388,HDB Carpark
SK50,1.3932748493327556,103.89256123233136,HDB Carpark
SK51,1.3936125125577126,103.8914760567716,HDB Carpark
SK52,1.3926975290310482,103.88999768221258,HDB Carpark
SK53,1.3925584790931924,103.88737404090284,HDB Carpark
SK54,1.392055043902638,103.9083126808751,HDB Carpark
SK55,1.3871444368595145,103.90776944192235,HDB Carpark
SK58,1.3894447199134663,103.87821202833332,HDB Carpark
SK6,1.389467324519616,103.90093736379649,HDB Carpark
SK60,1.3877595832507186,103.87325996745597,HDB Carpark
SK61,1.3881775375590957,103.87483706518717,HDB Carpark
SK62,1.3888827807769937,103.876719479136,HDB Carpark
SK63,1.3840466100888915,103.89797731984513,HDB Carpark
SK64,1.384390986890146,103.89574224092505,HDB Carpark
SK65,1.3836471836438378,103.897005879401,HDB Carpark
SK66,1.3916668415615217,103.906938482567,HDB Carpark
SK67,1.381947898240946,103.89709576703558,HDB Carpark
SK68,1.3830653872629264,103.89424243103586,HDB Carpark
SK69,1.3925062248152205,103.87633404339044,HDB Carpark
SK7,1.3890692026660965,103.8979911872448,HDB Carpark
SK70,1.3842957031829364,103.89474221223844,HDB Carpark
SK71,1.382077469015427,103.89418824518276,HDB Carpark
SK72,1.3851413505292711,103.89388818553056,HDB Carpark
SK73,1.3861118971736053,103.89424467166346,HDB Carpark
SK74,1.3921683906630222,103.87759621476172,HDB Carpark
SK75,1.391610101929328,103.87511098212606,HDB Carpark
SK76,1.385327673894543,103.90010855296347,HDB Carpark
SK77,1.3903156800516565,103.87653275385786,HDB Carpark
SK78,1.3916838991563545,103.87407028683974,HDB Carpark
SK8,1.3898333736018222,103.90218814877606,HDB Carpark
SK80,1.3939219929429263,103.87652601904688,HDB Carpark
SK81,1.3920275267973767,103.87327575706904,HDB Carpark
SK83,1.3941894073650916,103.87340511790632,HDB Carpark
SK84,1.389897715908131,103.9100470759556,HDB Carpark
SK85,1.3942402489764505,103.87813726284314,HDB Carpark
SK86,1.3943812008338834,103.87715995536384,HDB Carpark
SK87,1.3931520218095488,103.873121996799,HDB Carpark
SK88,1.3940211031242316,103.8741039347356,HDB Carpark
SK89,1.394869673387944,103.88854798239036,HDB Carpark
SK9,1.3908141653016242,103.90592175523342,HDB Carpark
SK90,1.394852436314145,103.89235786844618,HDB Carpark
SK91,1.3855235976502722,103.89149543536028,HDB Carpark
SK92,1.386169718237242,103.89291520211373,HDB Carpark
SK93,1.3939518722581885,103.87538181918733,HDB Carpark
SK94,1.3963498474206912,103.8893370608282,HDB Carpark
SK95,1.3979703351533228,103.88985718053232,HDB Carpark
SK96,1.3929133696171427,103.878250935839,HDB Carpark
SK99,1.3970913852933722,103.8785554864364,HDB Carpark
SMM,1.2933224327438215,103.80758222567304,HDB Carpark
SM8,1.3573275280540322,103.83903345689474,HDB Carpark
SM9,1.35549531170881,103.8368427438329,HDB Carpark
SPM,1.2739258167233862,103.83563161921124,HDB Carpark
STAM,1.2928501910006598,103.80993984128204,HDB Carpark
STM1,1.2902642774663695,103.80319271421516,HDB Carpark
STM2,1.2898290995549104,103.80370237466217,HDB Carpark
S100,1.3968683411312477,103.88171503224532,HDB Carpark
S101,1.3969722799644926,103.8794196667925,HDB Carpark
S102,1.3892739738021436,103.90760011419336,HDB Carpark
S103,1.39633884212854,103.89528722452656,HDB Carpark
S104,1.3902443442059211,103.89305178725373,HDB Carpark
S105,1.3897226991117924,103.8944574348319,HDB Carpark
S106,1.381402396014885,103.89007917301792,HDB Carpark
S107,1.399157870476426,103.88970473952216,HDB Carpark
S108,1.3980764550818074,103.89694953065988,HDB Carpark
S109,1.3915719868305618,103.87989873490652,HDB Carpark
S110,1.3933026077126245,103.88662111892228,HDB Carpark
S111,1.3918147456311056,103.871243879004,HDB Carpark
S112,1.39249062258608,103.8697245262348,HDB Carpark
S113,1.393103563636389,103.885656553991,HDB Carpark
S114,1.3942085312548165,103.86962359541066,HDB Carpark
S115,1.3940612066681348,103.87144931485103,HDB Carpark
S116,1.3883249512276208,103.87121820760945,HDB Carpark
S117,1.390303698201366,103.87045246748872,HDB Carpark
S118,1.3981368438017905,103.87638295654,HDB Carpark
S119,1.3871193185393806,103.91108396378768,HDB Carpark
S120,1.3968220896644672,103.88847024863394,HDB Carpark
TAM1,1.3551798764166978,103.94595187637948,HDB Carpark
TAM2,1.360293334389211,103.95315510409618,HDB Carpark
TBCM,1.277544772322181,103.82112429824376,HDB Carpark
TBC2,1.2757430581846327,103.82068963521908,HDB Carpark
TBC3,1.279044239685716,103.8175781692424,HDB Carpark
TBM,1.2717912859952163,103.81066870217605,HDB Carpark
TBMT,1.2737962540502086,103.80690132190573,HDB Carpark
TBM2,1.2753043651293556,103.8092233201548,HDB Carpark
TBM3,1.2733743359112908,103.80897284613816,HDB Carpark
TBM4,1.277296860355097,103.80776708675594,HDB Carpark
TBM5,1.2749985070792598,103.8117515396654,HDB Carpark
TBM6,1.2733330014606468,103.81111137475284,HDB Carpark
TBM7,1.276266120348283,103.81083577381348,HDB Carpark
TBM8,1.2772069380595046,103.80728086504853,HDB Carpark
TBM9,1.2747841174077583,103.8071914131986,HDB Carpark
TGM1,1.3211726817146183,103.73891401431447,HDB Carpark
TGM2,1.32214501861335,103.73829445496824,HDB Carpark
TGM3,1.3232613284557078,103.73932836739344,HDB Carpark
TGM4,1.3225222216468957,103.73725175304094,HDB Carpark
THM,1.298203122452125,103.79789417922316,HDB Carpark
TJ28,1.3371197566812665,103.72045887880464,HDB Carpark
TJ29,1.3281427792350158,103.72230234256992,HDB Carpark
TJ30,1.330101423802956,103.72223918558431,HDB Carpark
TJ31,1.3385945699313213,103.72287016767316,HDB Carpark
TJ32,1.3400495011789706,103.72018296672007,HDB Carpark
TJ33,1.337109414406705,103.723249816771,HDB Carpark
TJ34,1.334020235539563,103.72454031144004,HDB Carpark
TJ35,1.3329006387365556,103.72248400459613,HDB Carpark
TJ36,1.3362078554823666,103.72452979381994,HDB Carpark
TJ37,1.3382825338635944,103.72252831122393,HDB Carpark
TJ38,1.332313568534505,103.72177968691956,HDB Carpark
TJ39,1.3279067611579412,103.7233238770194,HDB Carpark
TJ40,1.3303922793325842,103.72149803520998,HDB Carpark
TJ41,1.3268210613872928,103.72339760723662,HDB Carpark
TJ42,1.327225464370418,103.7223493562525,HDB Carpark
TM10,1.353353646379414,103.96025509665814,HDB Carpark
TM11,1.3544003715798552,103.95852452338792,HDB Carpark
TM12,1.355830434073,103.95721552075284,HDB Carpark
TM13,1.356357093788308,103.95910066578062,HDB Carpark
TM14,1.3491501505382777,103.93057172796964,HDB Carpark
TM15,1.357730624773254,103.95222370166918,HDB Carpark
TM16,1.3557548071635046,103.95023113290056,HDB Carpark
TM17,1.3512131548911217,103.93798705865012,HDB Carpark
TM18,1.3523979713180392,103.93803491918698,HDB Carpark
TM19,1.3573426549157657,103.95934486358436,HDB Carpark
TM20,1.3581427179881085,103.96102149209771,HDB Carpark
TM21,1.3514133266988857,103.9604738494622,HDB Carpark
TM22,1.352264486560785,103.962829488232,HDB Carpark
TM23,1.3546614860304684,103.96218106175468,HDB Carpark
TM24,1.3554179483948272,103.96144236093969,HDB Carpark
TM25,1.3587147470147305,103.95849513834374,HDB Carpark
TM26,1.3598266797869674,103.95962522398688,HDB Carpark
TM27,1.3606530051149366,103.9598884790279,HDB Carpark
TM28,1.36283373495197,103.95687967842431,HDB Carpark
TM29,1.360685386136671,103.9591088032472,HDB Carpark
TM3,1.3612627825031371,103.95056497201246,HDB Carpark
TM30,1.3568738297975105,103.93665140890144,HDB Carpark
TM31,1.35875185584681,103.93665544860964,HDB Carpark
TM32,1.3595356023853922,103.93523070362816,HDB Carpark
TM33,1.3563636673300838,103.93607194832384,HDB Carpark
TM34,1.3572198097447803,103.93343290207572,HDB Carpark
TM35,1.35991484787533,103.93413927453108,HDB Carpark
TM36,1.3571629858521386,103.93907329779348,HDB Carpark
TM37,1.3561768438388722,103.93860723824407,HDB Carpark
TM4,1.363095228751706,103.95216148876754,HDB Carpark
TM41,1.347530101862924,103.94141848248228,HDB Carpark
TM42,1.3489369754158549,103.93350745764565,HDB Carpark
TM43,1.3533871776405684,103.95223471017104,HDB Carpark
TM44,1.3592000246240452,103.95631685027054,HDB Carpark
TM45,1.3553474172451712,103.93300299723585,HDB Carpark
TM46,1.3585465791925952,103.9384437696084,HDB Carpark
TM47,1.3567124317012451,103.94015046680202,HDB Carpark
TM48,1.3470782741084286,103.9341414275891,HDB Carpark
TM49,1.363979776061255,103.95302368936689,HDB Carpark
TM5,1.363108337353691,103.95407924377642,HDB Carpark
TM50,1.3564483304452146,103.93111964390404,HDB Carpark
TM51,1.3511829039113976,103.92875608502447,HDB Carpark
TM52,1.3638640262558055,103.9557136213269,HDB Carpark
TM53,1.354853104447344,103.93868902311952,HDB Carpark
TM54,1.353529262018365,103.9299226435966,HDB Carpark
TM55,1.354879040348009,103.93070583108609,HDB Carpark
TM6,1.3532478142057631,103.9563493823792,HDB Carpark
TM7,1.3528089666562535,103.95762516100412,HDB Carpark
TM8,1.3515006916954555,103.95720428465248,HDB Carpark
TM9,1.3533454115738062,103.9590930658874,HDB Carpark
TPB1,1.3360648632051884,103.85659747937672,HDB Carpark
TPM,1.2754814002517156,103.84229740226216,HDB Carpark
TPMA,1.336503659780241,103.85113356861136,HDB Carpark
TPMB,1.3330548065505448,103.84524077047034,HDB Carpark
TPMC,1.3419358910635928,103.84616068448072,HDB Carpark
TPMD,1.3302080747111145,103.84491120787688,HDB Carpark
TPME,1.3384461334209403,103.84984683207811,HDB Carpark
TPMF,1.3351666442919832,103.8455971261008,HDB Carpark
TPMG,1.3382490386578767,103.84407314986876,HDB Carpark
TPMH,1.3320229196131694,103.85739786556708,HDB Carpark
TPMJ,1.3342662016697888,103.84548050687825,HDB Carpark
TPMK,1.3309769044577375,103.85857183592486,HDB Carpark
TPML,1.3382258757437369,103.85892321210068,HDB Carpark
TPMM,1.3390141030395577,103.8580037294164,HDB Carpark
TPMN,1.3348930156410983,103.84857845222868,HDB Carpark
TPMP,1.3366841663997688,103.8448013543574,HDB Carpark
TPMQ,1.3369784658429036,103.84285368128104,HDB Carpark
TPMR,1.333736553832415,103.85567320533475,HDB Carpark
TPMS,1.331570325917529,103.86001393483116,HDB Carpark
TPM2,1.3392702038654258,103.84708721261616,HDB Carpark
TPM3,1.3307490035221914,103.8422339340497,HDB Carpark
TPM4,1.3357541574703302,103.84934606221007,HDB Carpark
TPM5,1.3358186853562588,103.847339933455,HDB Carpark
TPM6,1.3348896541471695,103.85462343286822,HDB Carpark
TPM7,1.3398497061338157,103.84592176737183,HDB Carpark
TPM8,1.3366352513195694,103.85928598754208,HDB Carpark
TPM9,1.337102298669826,103.85778898095762,HDB Carpark
TP3A,1.33951820590742,103.85421258052412,HDB Carpark
TP4A,1.339271189725481,103.8555289746188,HDB Carpark
TP61,1.3329694275615065,103.84832067140536,HDB Carpark
TRM,1.3003313037311015,103.8836578213832,HDB Carpark
TWM1,1.3791544765788482,103.75753302194056,HDB Carpark
TWM2,1.3796366595380904,103.75657672438628,HDB Carpark
TWM3,1.3803889157456677,103.75731672497658,HDB Carpark
TWM4,1.3829207779958566,103.75394453367991,HDB Carpark
TWM5,1.379048453795899,103.75862147579002,HDB Carpark
TWM6,1.380093359626026,103.75818691195684,HDB Carpark
TY1,1.339036779572116,103.77438705164955,HDB Carpark
T47A,1.3549084080766358,103.93511436165672,HDB Carpark
T49A,1.351415214205705,103.9334184109358,HDB Carpark
T7A,1.344961935269822,103.94562724999824,HDB Carpark
UAM1,1.3344978087589283,103.87921358148904,HDB Carpark
UBKM,1.314810234962554,103.8708758709946,HDB Carpark
UBM1,1.312641663978187,103.87262135331036,HDB Carpark
UBM2,1.3131084199960408,103.87038903664023,HDB Carpark
U29,1.358592198792109,103.74929857711716,HDB Carpark
U39,1.3497594316284731,103.75098884548056,HDB Carpark
U40,1.348632401397121,103.75136830370468,HDB Carpark
U43,1.3650831137381485,103.7459369187979,HDB Carpark
U45,1.3469184920371304,103.75789892567173,HDB Carpark
U51,1.3648441918571836,103.74648387196036,HDB Carpark
U52,1.3446076956720474,103.7450170059298,HDB Carpark
U53,1.343601205323416,103.74672677463174,HDB Carpark
U54,1.3507782582674317,103.75525349002424,HDB Carpark
U55,1.3508337587853498,103.73824558370262,HDB Carpark
U56,1.3561462048594213,103.73733078865956,HDB Carpark
U57,1.3460024420437275,103.75535183241487,HDB Carpark
U58,1.352144408881357,103.74047335066837,HDB Carpark
U59,1.3444432907744637,103.7553695026782,HDB Carpark
U60,1.3530392226587264,103.74400854476276,HDB Carpark
U61,1.355666011714305,103.7392812231256,HDB Carpark
U62,1.35162918067514,103.7420666356036,HDB Carpark
U63,1.3592847521921183,103.74984425559477,HDB Carpark
U64,1.3545786731075895,103.73971823110516,HDB Carpark
U65,1.357396043784811,103.7399721677354,HDB Carpark
U66,1.3587025871060785,103.73962149393304,HDB Carpark
U67,1.3605269508051958,103.74232288778526,HDB Carpark
U68,1.3539415227867833,103.73975896046755,HDB Carpark
U69,1.3570852858259188,103.74346597267898,HDB Carpark
U70,1.356814170908537,103.74142263735465,HDB Carpark
U71,1.3493000790224587,103.74533685166296,HDB Carpark
WCB,1.2988082936804837,103.85193775629874,HDB Carpark
WCC,1.434901737416896,103.78661383499885,HDB Carpark
WDB1,1.3207700328410228,103.8532442121171,HDB Carpark
W101,1.4425443267234412,103.80578572471497,HDB Carpark
W102,1.4412048068517564,103.80661662993371,HDB Carpark
W103,1.445746024785028,103.79733590276876,HDB Carpark
W104,1.4439746500164974,103.80753859127668,HDB Carpark
W105,1.4446673032445174,103.80885930281752,HDB Carpark
W106,1.4429357583642484,103.80847852325768,HDB Carpark
W11M,1.44272407375928,103.772856586806,HDB Carpark
W12M,1.444640749995164,103.77220377085864,HDB Carpark
W181,1.4396538699810102,103.77929680078395,HDB Carpark
W182,1.4351586520067223,103.77599832470034,HDB Carpark
W185,1.4362680690280447,103.77647275536113,HDB Carpark
W187,1.437426070122734,103.77490762461282,HDB Carpark
W30,1.4302901995513788,103.77406832476436,HDB Carpark
W4M,1.4415585331685583,103.77598351244085,HDB Carpark
W43,1.4295038333628662,103.77206088192747,HDB Carpark
W44,1.4279898550324304,103.77226391845876,HDB Carpark
W45,1.4279814043251635,103.77516184012671,HDB Carpark
W46,1.4266570986026104,103.77367553747727,HDB Carpark
W48,1.4431678994120056,103.7890260469376,HDB Carpark
W49,1.442907681358219,103.79202821147776,HDB Carpark
W5M,1.441639403819997,103.77875344943124,HDB Carpark
W50,1.442925618492748,103.79369475477245,HDB Carpark
W505,1.4321375604817492,103.79160459490268,HDB Carpark
W509,1.4332851933446489,103.78930198286766,HDB Carpark
W51,1.442289975024284,103.79263531082356,HDB Carpark
W516,1.434167349343265,103.79077629023024,HDB Carpark
W517,1.4341445831089208,103.7915192513937,HDB Carpark
W519,1.434570837348946,103.79234535601556,HDB Carpark
W52,1.4413983720664532,103.78948653597386,HDB Carpark
W521,1.4339380251133933,103.7936134010422,HDB Carpark
W523,1.4329295481086473,103.79390362480608,HDB Carpark
W525,1.4325852689082692,103.7929380814942,HDB Carpark
W527,1.431970592407988,103.79255620965722,HDB Carpark
W53,1.444494152740703,103.79143331679936,HDB Carpark
W536,1.431139153376069,103.79152360115796,HDB Carpark
W54,1.439418878830239,103.78907507943372,HDB Carpark
W546,1.4297478943267048,103.79340911605227,HDB Carpark
W549,1.4323004696113977,103.79493449356124,HDB Carpark
W55,1.4398048028708406,103.79452913617224,HDB Carpark
W554,1.432540568742614,103.79622188281228,HDB Carpark
W56,1.4381599526095104,103.79146735457712,HDB Carpark
W57,1.436782134796882,103.78945084654262,HDB Carpark
W570,1.4309038101239948,103.79003156211458,HDB Carpark
W574,1.4305890857053496,103.79844359182096,HDB Carpark
W578,1.4313637939913713,103.79669175117785,HDB Carpark
W579,1.4310428462888058,103.79553446041886,HDB Carpark
W58,1.4360501619073838,103.79225243917492,HDB Carpark
W586,1.4291763831618287,103.79470011164346,HDB Carpark
W588,1.4282160492988063,103.79469552060216,HDB Carpark
W59,1.4363199769299146,103.7946188793516,HDB Carpark
W61,1.433216701818876,103.78394716416396,HDB Carpark
W62,1.4328530276276716,103.78505273108574,HDB Carpark
W63,1.4328527639490238,103.78641256091409,HDB Carpark
W64,1.437984297374762,103.7971004181586,HDB Carpark
W65,1.441136622845908,103.79597944897569,HDB Carpark
W66,1.441096039377166,103.79799759340636,HDB Carpark
W67,1.4415022181337338,103.79906542301596,HDB Carpark
W676,1.4397622607819571,103.80073252063566,HDB Carpark
W68,1.4414225381608046,103.80052216679428,HDB Carpark
W69,1.4447277856226968,103.79980332120444,HDB Carpark
W691,1.440609498339852,103.80621133713274,HDB Carpark
W693,1.438092403142716,103.80370034550494,HDB Carpark
W694,1.4380422657769645,103.80501825982014,HDB Carpark
W70,1.4445112227925496,103.79680914025236,HDB Carpark
W71,1.4431865217487965,103.7989884858977,HDB Carpark
W717,1.4409284934822917,103.79864838266636,HDB Carpark
W72,1.4426259357840807,103.8019160413928,HDB Carpark
W73,1.443310883261369,103.8037696903088,HDB Carpark
W74,1.4432155979701546,103.7963535302842,HDB Carpark
W75,1.4433046016671638,103.79557899104915,HDB Carpark
W76,1.4449181264567494,103.7951017428101,HDB Carpark
W77,1.446060606235266,103.79389846144088,HDB Carpark
W78,1.4465930294608325,103.796026209299,HDB Carpark
W780,1.4482351850031745,103.80110119714988,HDB Carpark
W781,1.448904629892255,103.80310315645978,HDB Carpark
W782,1.448205177850381,103.80357168153289,HDB Carpark
W783,1.447818841834363,103.8041211320222,HDB Carpark
W785,1.4470667001503517,103.80499561676952,HDB Carpark
W79,1.447731110737185,103.79848075891498,HDB Carpark
W799,1.4464606652220124,103.7999034357184,HDB Carpark
W8M,1.440182567193715,103.7763476286188,HDB Carpark
W80,1.4481665644776578,103.80034232483116,HDB Carpark
W81,1.4459803344577076,103.8000408978971,HDB Carpark
W82,1.444514380076947,103.80160710865404,HDB Carpark
W83,1.4361090180988787,103.79715763971676,HDB Carpark
W84,1.4348354207334078,103.7959159892951,HDB Carpark
W85,1.4340975780355194,103.79910136039972,HDB Carpark
W86,1.437361837023008,103.80114955716348,HDB Carpark
W87,1.438539714903018,103.80023093157097,HDB Carpark
W88,1.4372209438665429,103.79871604274012,HDB Carpark
W887,1.437573714752281,103.79470325887424,HDB Carpark
W889,1.438012456174337,103.79362056980096,HDB Carpark
W89,1.4358427798925413,103.79855433158922,HDB Carpark
W90,1.434106042522579,103.80011427959668,HDB Carpark
W91,1.4351059455726909,103.80116450450188,HDB Carpark
W92,1.436260631413484,103.8020552796308,HDB Carpark
W93,1.437782898876421,103.8025916246883,HDB Carpark
W94,1.440251557351809,103.8013451071144,HDB Carpark
W95,1.4441729554156388,103.80178056899176,HDB Carpark
W96,1.4388910505284624,103.79791766664522,HDB Carpark
W97,1.4394849525974798,103.79928658075396,HDB Carpark
W98,1.4395974217094074,103.80350329793248,HDB Carpark
W99,1.4407623202986446,103.8055302704094,HDB Carpark
Y21M,1.435359862099702,103.83485400918354,HDB Carpark
Y25M,1.417712894970168,103.8326530461176,HDB Carpark
Y28M,1.415445284587025,103.8343714689356,HDB Carpark
Y3M,1.433544682081332,103.82746981634772,HDB Carpark
Y30M,1.416557602351458,103.83575142663024,HDB Carpark
Y41M,1.4307503087333364,103.8408848314412,HDB Carpark
Y45M,1.427502625106844,103.84262983673824,HDB Carpark
Y48M,1.4283671256018349,103.84752949552306,HDB Carpark
Y49M,1.4242511551575925,103.84752477156832,HDB Carpark
Y51M,1.4227431505685806,103.84556918695291,HDB Carpark
Y52M,1.420310437739333,103.84492031076049,HDB Carpark
Y53M,1.4229240001092107,103.84601639752874,HDB Carpark
Y54M,1.4273118935008489,103.83703535537614,HDB Carpark
Y59M,1.4222737473701763,103.84917592983304,HDB Carpark
Y60M,1.421137315427704,103.84811947881222,HDB Carpark
Y61M,1.4200879465053653,103.84758824136463,HDB Carpark
Y62M,1.430248913053764,103.84444690507708,HDB Carpark
Y63M,1.4316462128157172,103.84502569792517,HDB Carpark
Y64M,1.4324881324444514,103.84513253066672,HDB Carpark
Y65M,1.4326688211367518,103.84202257132416,HDB Carpark
Y66M,1.4337649976422104,103.8422882584649,HDB Carpark
Y68M,1.4183964969784872,103.84459591428735,HDB Carpark
Y69M,1.416015125692822,103.84408075944808,HDB Carpark
Y70M,1.414859820577737,103.8403518105074,HDB Carpark
Y71M,1.4165226719499049,103.84088184317336,HDB Carpark
Y72M,1.4147863643355607,103.8412471384869,HDB Carpark
Y73M,1.419135209639158,103.84156294080142,HDB Carpark
Y74M,1.4196277366097123,103.84169023040432,HDB Carpark
Y75M,1.4201764014560103,103.84308354204482,HDB Carpark
Y76M,1.4216639025638342,103.84176956974083,HDB Carpark
Y77M,1.4284476998888995,103.84994391018635,HDB Carpark
Y78M,1.4247403589244676,103.85173152023566,HDB Carpark
Y79M,1.4264837884583972,103.85000186245747,HDB Carpark
Y81M,1.4280799275220168,103.85303699135255,HDB Carpark
Y82M,1.4293855700689289,103.85071158132088,HDB Carpark
Y83M,1.4309061808384171,103.8468485748638,HDB Carpark
100 AM,1.27458821795426,103.84347073661,Shopping Mall Carpark
313@Somerset,1.30101436404056,103.838360664485,Shopping Mall Carpark
Aperia,1.3104736675734,103.86431321816,Shopping Mall Carpark
Balestier Hill Shopping Centre,1.32559594839311,103.842571612968,Shopping Mall Carpark
Bugis Cube,1.2981408343975,103.855635339249,Shopping Mall Carpark
Bugis Junction,1.29911287475873,103.855411173758,Shopping Mall Carpark
Bugis+,1.30095171530648,103.855172625542,Shopping Mall Carpark
Capitol Piazza,1.29307884763132,103.851261982149,Shopping Mall Carpark
Cathay Cineleisure Orchard,1.30146393496315,103.836463810773,Shopping Mall Carpark
The Centrepoint,1.30145045537088,103.840034074858,Shopping Mall Carpark
City Square Mall,1.3113827185663,103.856626855768,Shopping Mall Carpark
CityLink Mall,1.29260349413333,103.854316064564,Shopping Mall Carpark
Duo,1.29953434891664,103.85840168774,Shopping Mall Carpark
Far East Plaza,1.30730468891062,103.833818438639,Shopping Mall Carpark
Funan,1.29134759697794,103.849989790085,Shopping Mall Carpark
Great World City,1.29342272650003,103.832022146655,Shopping Mall Carpark
HDB Hub,1.33201387005935,103.84984949662,Shopping Mall Carpark
ION Orchard,1.30399286856099,103.831988903795,Shopping Mall Carpark
Junction 8,1.35017243180201,103.848553703258,Shopping Mall Carpark
Knightsbridge,1.3029831225958,103.836283923443,Shopping Mall Carpark
Liat Towers,1.30508722710852,103.830722581168,Shopping Mall Carpark
Lucky Plaza,1.3044637897474,103.834005158524,Shopping Mall Carpark
Marina Bay Sands,1.28466203640592,103.861005919029,Shopping Mall Carpark
The Shoppes at Marina Bay Sands,1.28423496027027,103.85898228297,Shopping Mall Carpark
Marina Bay Link Mall,1.28003113385646,103.854284863268,Shopping Mall Carpark
Marina Square,1.29159480494333,103.857048715656,Shopping Mall Carpark
Millenia Walk,1.29267926922552,103.860302888543,Shopping Mall Carpark
Ngee Ann City,1.3022727300848,103.834899517575,Shopping Mall Carpark
Orchard Central,1.30083890839245,103.839434733899,Shopping Mall Carpark
Orchard Gateway,1.30160116957544,103.838868886519,Shopping Mall Carpark
Orchard Plaza,1.30125729409965,103.841150144584,Shopping Mall Carpark
Midpoint Orchard,1.30178778502846,103.838659766022,Shopping Mall Carpark
Palais Renaissance,1.30665484543191,103.829588045188,Shopping Mall Carpark
People's Park Centre,1.28564781446701,103.843861556498,Shopping Mall Carpark
People's Park Complex,1.28404487854559,103.842590753293,Shopping Mall Carpark
Plaza Singapura,1.30082071769235,103.845067272938,Shopping Mall Carpark
Raffles City,1.29397670992871,103.853333627297,Shopping Mall Carpark
Scotts Square,1.30579942993543,103.833074706219,Shopping Mall Carpark
Sim Lim Square,1.30290658774258,103.853031869482,Shopping Mall Carpark
Singapore Shopping Centre,1.28649701803051,103.844628721032,Shopping Mall Carpark
The South Beach,1.29498804392056,103.856276242094,Shopping Mall Carpark
Square 2,1.27822949964567,103.850812513482,Shopping Mall Carpark
Sunshine Plaza,1.30046735366415,103.850556061949,Shopping Mall Carpark
Suntec City,1.29350132535558,103.857307495824,Shopping Mall Carpark
Tanglin Mall,1.30485342102105,103.823883490852,Shopping Mall Carpark
Tanjong Pagar Centre,1.2755961982077,103.842393171342,Shopping Mall Carpark
Tekka Centre,1.30671098278725,103.85013440636,Shopping Mall Carpark
The Adelphi,1.29118503658447,103.851184338699,Shopping Mall Carpark
The Paragon,1.30387230879994,103.835857545469,Shopping Mall Carpark
Tiong Bahru Plaza,1.28645889472825,103.827015256194,Shopping Mall Carpark
The Poiz,1.33202729656296,103.868659488195,Shopping Mall Carpark
Thomson Plaza,1.35436282723449,103.83030941613,Shopping Mall Carpark
United Square,1.31719450988559,103.843611443038,Shopping Mall Carpark
Thomson V,1.35319495337208,103.835564729862,Shopping Mall Carpark
Velocity@Novena Square,1.31978949204523,103.844033569199,Shopping Mall Carpark
Wheelock Place,1.30467628730252,103.830642027577,Shopping Mall Carpark
Wisma Atria,1.30370477426147,103.833205752808,Shopping Mall Carpark
Zhongshan Mall,1.32694504484324,103.846554377679,Shopping Mall Carpark
Bedok Mall,1.32475054237912,103.92918919889,Shopping Mall Carpark
Century Square,1.35227804040128,103.943727694121,Shopping Mall Carpark
Our Tampines Hub,1.35218046898785,103.940598001519,Shopping Mall Carpark
Changi City Point,1.33408363820793,103.962946043413,Shopping Mall Carpark
Downtown East,1.3765903645695,103.955689449482,Shopping Mall Carpark
Djitsun Mall Bedok,1.32611970329469,103.929554495615,Shopping Mall Carpark
Eastpoint Mall,1.34270592355576,103.953024618234,Shopping Mall Carpark
Jewel Changi Airport,1.36006289399606,103.989989170512,Shopping Mall Carpark
Katong Shopping Centre,1.30382040183737,103.901040040407,Shopping Mall Carpark
Katong Square,1.30477683917233,103.904617722414,Shopping Mall Carpark
Kallang Wave Mall,1.30307515150401,103.873149707591,Shopping Mall Carpark
Leisure Park Kallang,1.30222177381282,103.876152665088,Shopping Mall Carpark
i12 Katong,1.30522306203042,103.905043928938,Shopping Mall Carpark
Parkway Parade,1.30106975506311,103.905279491524,Shopping Mall Carpark
Paya Lebar Square,1.31881486980278,103.892580778242,Shopping Mall Carpark
Roxy Square,1.30432599904899,103.904051120306,Shopping Mall Carpark
Singpost Centre,1.31899666903663,103.894894915962,Shopping Mall Carpark
Tampines 1,1.34633535808984,103.933979581362,Shopping Mall Carpark
Tampines Mall,1.35259361362837,103.944785968039,Shopping Mall Carpark
White Sands,1.37228761596577,103.949733905672,Shopping Mall Carpark
City Plaza,1.31470866320366,103.893508573389,Shopping Mall Carpark
Elias Mall,1.37790533095468,103.94233582068,Shopping Mall Carpark
Loyang Point,1.36706634197242,103.964635610477,Shopping Mall Carpark
888 Plaza,1.43711856085535,103.795316064775,Shopping Mall Carpark
Admiralty Place,1.44042008562425,103.801541769047,Shopping Mall Carpark
AMK Hub,1.36925511350953,103.848464053097,Shopping Mall Carpark
Canberra Plaza,1.44349544527985,103.830345369213,Shopping Mall Carpark
Causeway Point,1.43590007901468,103.785795816344,Shopping Mall Carpark
Woodlands Civic Centre,1.43515024446739,103.786816106255,Shopping Mall Carpark
Broadway Plaza,1.37193729131781,103.845949444498,Shopping Mall Carpark
Djitsun Mall,1.32611970329469,103.929554495615,Shopping Mall Carpark
Jubilee Square,1.37178558575829,103.847837565378,Shopping Mall Carpark
Junction 8,1.35017243180201,103.848553703258,Shopping Mall Carpark
Junction Nine,1.4331228398318,103.84166098599,Shopping Mall Carpark
Marsiling Mall,1.43354318137534,103.77988189197,Shopping Mall Carpark
Northpoint City,1.42822560922688,103.836419992398,Shopping Mall Carpark
Sembawang Shopping Centre,1.44185325264629,103.824832415833,Shopping Mall Carpark
Sun Plaza,1.44823113453257,103.819523749458,Shopping Mall Carpark
Vista Point,1.4308011390122,103.794104795966,Shopping Mall Carpark
Wisteria Mall,1.41798969122298,103.841317292608,Shopping Mall Carpark
Woodlands Mart,1.44564787003157,103.798162285805,Shopping Mall Carpark
Woodlands North Plaza,1.44275334327795,103.790548015512,Shopping Mall Carpark
Waterway Point,1.40637933605759,103.902172248289,Shopping Mall Carpark
Compass One,1.39205314156706,103.89507054384,Shopping Mall Carpark
Hougang Mall,1.37248308734511,103.893788141349,Shopping Mall Carpark
Heartland Mall,1.35954450890401,103.885169070198,Shopping Mall Carpark
NEX,1.35076935257845,103.872296143862,Shopping Mall Carpark
Buangkok Square,1.38433426615655,103.881623070164,Shopping Mall Carpark
Greenwich V,1.38739539397015,103.869135978173,Shopping Mall Carpark
Hougang 1,1.35664284566921,103.889828868222,Shopping Mall Carpark
Hougang Green Shopping Mall,1.37931783499145,103.88784708944,Shopping Mall Carpark
Hougang Rivercourt,1.36220591877146,103.894742116488,Shopping Mall Carpark
myVillage At Serangoon Garden,1.36511490572797,103.865159501442,Shopping Mall Carpark
Northshore Plaza,1.41676127156324,103.902074379502,Shopping Mall Carpark
Oasis Terraces,1.40278015725693,103.913215101343,Shopping Mall Carpark
Punggol Plaza,1.39423719717117,103.913047323223,Shopping Mall Carpark
Rivervale Mall,1.39219777838449,103.904471600025,Shopping Mall Carpark
Rivervale Plaza,1.38550420775531,103.901988424927,Shopping Mall Carpark
The Seletar Mall,1.39147015374628,103.876125507257,Shopping Mall Carpark
Upper Serangoon Shopping Centre,1.35348082277147,103.878828134896,Shopping Mall Carpark
Beauty World Centre,1.34241264188642,103.776539385406,Shopping Mall Carpark
Beauty World Plaza,1.34180018619223,103.776259359854,Shopping Mall Carpark
Bukit Panjang Plaza,1.37988291404114,103.764377765935,Shopping Mall Carpark
Bukit Timah Plaza,1.3386316527745,103.778585430975,Shopping Mall Carpark
Fajar Shopping Centre,1.38357469942896,103.770868459633,Shopping Mall Carpark
Greenridge Shopping Centre,1.38540569283271,103.766228468185,Shopping Mall Carpark
Hillion Mall,1.37841165144214,103.76382945872,Shopping Mall Carpark
HillV2,1.36267450828024,103.76417292006,Shopping Mall Carpark
Junction 10,1.38055127973087,103.760106974822,Shopping Mall Carpark
Keat Hong Shopping Centre,1.37736607441394,103.744393648768,Shopping Mall Carpark
Limbang Shopping Centre,1.3920738867617,103.743099573442,Shopping Mall Carpark
Lot One,1.38506992325619,103.745238868238,Shopping Mall Carpark
Rail Mall,1.35773050150178,103.768137724847,Shopping Mall Carpark
Sunshine Place,1.37789727709418,103.739015486021,Shopping Mall Carpark
Teck Whye Shopping Centre,1.38004752975397,103.752483841199,Shopping Mall Carpark
West Mall,1.35037541626109,103.74912389291,Shopping Mall Carpark
Yew Tee Point,1.39705741516141,103.746662121143,Shopping Mall Carpark
Yew Tee Square,1.39836942665376,103.747188486453,Shopping Mall Carpark
321 Clementi,1.31200212030821,103.764986676365,Shopping Mall Carpark
The Clementi Mall,1.31489619639366,103.764423054189,Shopping Mall Carpark
IMM,1.33487526118006,103.746894773008,Shopping Mall Carpark
JCube,1.33332312550425,103.740187071348,Shopping Mall Carpark
Jem,1.33305999269581,103.743503708169,Shopping Mall Carpark
Westgate,1.33415767556867,103.742766484424,Shopping Mall Carpark
Jurong Point,1.3394520043632,103.706685012926,Shopping Mall Carpark
Pioneer Mall,1.34169239214292,103.697174842118,Shopping Mall Carpark
The Star Vista,1.30681500712523,103.788462732266,Shopping Mall Carpark
Alexandra Central,1.28728320930592,103.805283367958,Shopping Mall Carpark
Anchorpoint,1.28893477974497,103.805607779399,Shopping Mall Carpark
Boon Lay Shopping Centre,1.34637376407877,103.712472819666,Shopping Mall Carpark
Grantral Mall,1.31427043922294,103.765147487482,Shopping Mall Carpark
Fairprice Hub,1.35349593581988,103.940139392679,Shopping Mall Carpark
Gek Poh Shopping Centre,1.3487416466288,103.697739629738,Shopping Mall Carpark
Rochester Mall,1.30540765569962,103.788446680148,Shopping Mall Carpark
Taman Jurong Shopping Centre,1.33484487471259,103.720462024278,Shopping Mall Carpark
West Coast Plaza,1.30358622534992,103.76610375397,Shopping Mall Carpark
Queensway Shopping Centre,1.2876179255874,103.803391140455,Shopping Mall Carpark
